{
    "$schema": "http://json-schema.org/draft-07/schema#",
    "$id": "Member.schema.json",
    "title": "Bay Area Club Membership application schema",
    "description": "A Schema for checking the members applications",
    "type": "object",
    "properties": {
        "firstName": {
            "description": "Member's first name",
            "type": "string",
            "minLength":1,
            "maxLength":40
        },
        "lastName": {
            "description": "Member's last name",
            "type": "string",
            "minLength":1,
            "maxLength":40
        },
        "email": {
            "description": "Member's email",
            "type": "string",
            "maxLength":40
        },
        "password": {
            "type": "string",
            "minLength":4,
            "maxLength":40
        },
        "ActivityInfo":{
            "description": "Member's Activity number",
             "type": "string",
            "maxLength":30
        },
        "level":{
             "description": "Member's Activity level",
             "type": "string",
            "enum":["Never Done It","Beginner","Intermediate","Expert"]  
        },
        "comments":{
            "description": "Member's comments or extra information",
            "type": "string",
            "maxLength":1000
        }
    },
    "required": ["firstName", "lastName","email","password","level"],
    "additionalProperties": false
}